{"vehicles":{"10":{"rotation":{"Yaw":-148.30817986898,"Pitch":0.14591368676795,"Roll":-0.10432143258794},"classFullName":"BlueprintGeneratedClass \/Game\/Cars\/Models\/Voltex\/Voltex.Voltex_C","index":0,"bIsAIDriving":false,"fullName":"Voltex_C \/Game\/Maps\/Jeju\/Jeju_World.Jeju_World:PersistentLevel.Voltex_C_2142300572","isLastVehicle":true,"companyGuid":"00000000000000000000000000000000","companyName":"","position":{"X":156436.33849122,"Y":-197127.96655487,"Z":-22065.587985418},"vehicleId":10}}}